Workbook

Sheet Orders
A1: sku | B1: item | C1: qty | D1: unit | E1: region | F1: order_date | G1: line_total | H1: tax | I1: net | J1: flag | K1: disc_unit | L1: share
A2: A-1 | B2: widget | C2: 10 | D2: 12 | E2: EMEA | F2: 46027 | G2: =C2*D2 -> 120 | H2: =G2*Rates!$B$1 -> 9.6 | I2: =G2+H2 -> 129.6 | J2: =IF(C2>10,"BIG","small") -> small | K2: =ROUND(D2*(1-VLOOKUP(E2,Rates!$A$4:$B$6,2,0)),2) -> 10.8 | L2: =G2/SUM(G$2:G$5) -> 0.3256445
A3: A-2 | B3: gadget | C3: 20 | D3: 6 | E3: AMER | F3: 46028 | G3: =C3*D3 -> 120 | H3: =G3*Rates!$B$1 -> 9.6 | I3: =G3+H3 -> 129.6 | J3: =IF(C3>10,"BIG","small") -> BIG | K3: =ROUND(D3*(1-VLOOKUP(E3,Rates!$A$4:$B$6,2,0)),2) -> 5.7 | L3: =G3/SUM(G$2:G$5) -> 0.3256445
A4: A-3 | B4: sprocket | C4: 5 | D4: 3.5 | E4: EMEA | F4: 46029 | G4: =C4*D4 -> 17.5 | H4: =G4*Rates!$B$1 -> 1.4 | I4: =G4+H4 -> 18.9 | J4: =IF(C4>10,"BIG","small") -> small | K4: =ROUND(D4*(1-VLOOKUP(E4,Rates!$A$4:$B$6,2,0)),2) -> 3.15 | L4: =G4/SUM(G$2:G$5) -> 0.047489824
A5: A-4 | B5: flange | C5: 12 | D5: 9.25 | E5: APAC | F5: 46030 | G5: =C5*D5 -> 111 | H5: =G5*Rates!$B$1 -> 8.88 | I5: =G5+H5 -> 119.88 | J5: =IF(C5>10,"BIG","small") -> BIG | K5: =ROUND(D5*(1-VLOOKUP(E5,Rates!$A$4:$B$6,2,0)),2) -> 9.07 | L5: =G5/SUM(G$2:G$5) -> 0.30122117
A6: TOTAL | C6: =SUM(C2:C5) -> 47 | G6: =SUM(G2:G5) -> 368.5 | H6: =SUM(H2:H5) -> 29.48 | I6: =SUM(I2:I5) -> 397.98
A7: checks | B7: =INDIRECT("G"&ROW()-6) -> line_total | C7: =SUM(OFFSET(G$2,0,0,4,1)) -> 368.5 | D7: =$G2 -> 120 | E7: =SUMIF(E$2:E$5,"EMEA",G$2:G$5) -> 137.5 | F7: =Rates!B1 -> 0.08 | G7: =SUM(Archive!G2:G100) -> 0 | H7: =TODAY() -> 46262 | I7: =G2+G3+G4+G5 -> 368.5 | J7: =TEXT(F2,"YYYY-MM") -> 2026-01 | K7: =SUM(C2:D5) -> 77.75 | L7: =taxrate*G2 -> 9.6

Sheet Rates
A1: taxrate | B1: 0.08
A3: region | B3: disc
A4: EMEA | B4: 0.1
A5: AMER | B5: 0.05
A6: APAC | B6: 0.02

Sheet Archive
A1: old | G1: 99
